<manifest><control namespace="Molyom.PCFControls" constructor="ProgressBarPCF" version="0.0.02" display-name-key="Molyom.PCFControls.ProgressBarPCF" description-key="ProgressBarPCF description" control-type="standard" api-version="1.2.3"><property name="OptionSetField" display-name-key="OptionSetFieldDisplayName" description-key="Option Set Field to Progress Bar " of-type="OptionSet" usage="bound" required="true" /><resources><code path="bundle.js" order="1" /><css path="css/index.css" order="1" /></resources><built-by name="pac" version="1.5.5" /></control></manifest>